backbone,experiment,runs,UCM_mean_percent,UCM_std_percent,NWPU_mean_percent,NWPU_std_percent,AID_mean_percent,AID_std_percent,RSSCN7_mean_percent,RSSCN7_std_percent,EuroSAT_mean_percent,EuroSAT_std_percent,average_mean_percent,average_std_percent
CLIP,Zero-shot,1,59.62,0.00,56.50,0.00,60.70,0.00,51.61,0.00,39.57,0.00,53.60,0.00
CLIP,Simple descriptor average / ensemble,3,66.54,5.27,58.72,0.22,59.64,1.99,68.48,0.38,43.36,2.27,59.35,1.24
CLIP,Maximum similarity over descriptors,3,59.67,6.36,52.24,2.42,55.60,3.75,68.31,3.76,45.07,2.84,56.18,3.05
CLIP,CHiLS using the same descriptors,3,65.76,0.52,60.61,0.69,64.23,1.42,65.24,3.15,45.60,1.09,60.29,0.93
CLIP,TeSA with uncentered SVD,3,71.05,2.60,62.36,0.70,62.46,2.23,69.57,1.05,49.21,2.67,62.93,0.40
PE,Zero-shot,1,74.48,0.00,70.28,0.00,72.31,0.00,69.07,0.00,61.16,0.00,69.46,0.00
PE,Simple descriptor average / ensemble,3,81.19,2.94,73.26,0.73,73.29,0.99,75.82,0.61,61.94,1.38,73.10,0.60
PE,Maximum similarity over descriptors,3,80.48,3.79,67.37,3.57,65.66,5.46,73.15,3.68,62.60,3.02,69.85,2.71
PE,CHiLS using the same descriptors,3,82.78,1.55,74.30,0.18,73.97,1.47,74.37,1.40,65.49,0.82,74.18,0.58
PE,TeSA with uncentered SVD,3,82.81,2.17,75.07,0.82,74.38,1.36,76.51,0.18,65.49,1.52,74.85,1.10
